{"cameraMode":{"drawMode":0,"name":"Shaded","section":"Shading Mode"},"sceneLighting":false,"audioPlay":false,"sceneViewState":{"showFog":true,"showMaterialUpdate":false,"showSkybox":true,"showFlares":true,"showImageEffects":true,"showParticleSystems":true},"in2DMode":false,"pivot":{"x":-3.333336353302002,"y":44.3450813293457,"z":-57.03973388671875},"rotation":{"x":-0.0011681983014568687,"y":0.7637459635734558,"z":-0.0013820282183587552,"w":-0.6455160975456238},"size":218.3568572998047,"orthographic":false}